Total CPU,Total GPU,Total Memory
0.0,3.0,0.8766878389644769
0.0,1.0,0.8766878389644769
